arch,target,n_samples,dist_ratio,inter_dist,intra_dist,zero_shot_auc,best_method,best_auc,improvement_over_zs,auc_vanilla_ft,auc_ft_source_reg,auc_mkmmd,auc_coral,auc_cc_dann
densenet121,XR_ELBOW,50,0.29391605131903786,6.259030818939209,21.29530111714124,0.7867345050878816,vanilla_ft,0.8321554116558744,0.0454209065679928,0.8321554116558744,0.8297286463151403,0.8176133209990749,0.8085599753314833,0.8182207832254086
densenet121,XR_ELBOW,100,0.29391605131903786,6.259030818939209,21.29530111714124,0.7867345050878816,ft_source_reg,0.8371446191797718,0.050410114091890224,0.827977181621955,0.8371446191797718,0.8077304964539008,0.8182146160962073,0.8019457292630281
densenet121,XR_ELBOW,200,0.29391605131903786,6.259030818939209,21.29530111714124,0.7867345050878816,ft_source_reg,0.84300030835646,0.05626580326857844,0.84122725871107,0.84300030835646,0.8114893617021277,0.8219087264878199,0.7801079247610238
densenet121,XR_ELBOW,500,0.29391605131903786,6.259030818939209,21.29530111714124,0.7867345050878816,vanilla_ft,0.8782639531298181,0.09152944804193652,0.8782639531298181,0.8671384520505704,0.8216312056737589,0.8314986123959297,0.8506352143077397
densenet121,XR_SHOULDER,50,0.4337240430667794,10.491436004638672,24.189196259719665,0.6017291430013884,vanilla_ft,0.6665383482687534,0.064809205267365,0.6665383482687534,0.6641865455004418,0.6219150994993479,0.627609491354285,0.6133577348647398
densenet121,XR_SHOULDER,100,0.4337240430667794,10.491436004638672,24.189196259719665,0.6017291430013884,ft_source_reg,0.7191173377087804,0.11738819470739204,0.7095797046573269,0.7191173377087804,0.6259350414405317,0.59282679119862,0.5920063948840928
densenet121,XR_SHOULDER,200,0.4337240430667794,10.491436004638672,24.189196259719665,0.6017291430013884,ft_source_reg,0.7064432664394799,0.1047141234380915,0.7060435861836846,0.7064432664394799,0.6230447221170432,0.6028671799402583,0.5754827716773949
densenet121,XR_SHOULDER,500,0.4337240430667794,10.491436004638672,24.189196259719665,0.6017291430013884,vanilla_ft,0.7691552021540663,0.16742605915267794,0.7691552021540663,0.7585594682149018,0.6250178804324963,0.6045837014598847,0.6327043628255291
densenet121,XR_HAND,50,0.3659878542692738,8.389677047729492,22.923375588024154,0.7069056404849762,cc_dann,0.7507044911718959,0.04379885068691969,0.732778200797881,0.7305427022524195,0.7260261491503804,0.7063687303539702,0.7507044911718959
densenet121,XR_HAND,100,0.3659878542692738,8.389677047729492,22.923375588024154,0.7069056404849762,mkmmd,0.7418861490202202,0.03498050853524404,0.7340765471146775,0.7223784142603331,0.7418861490202202,0.7176731291122436,0.7380008720722128
densenet121,XR_HAND,200,0.3659878542692738,8.389677047729492,22.923375588024154,0.7069056404849762,vanilla_ft,0.7467508802072148,0.039845239722238635,0.7467508802072148,0.7465361161548123,0.7346329812504475,0.7285903017760337,0.7106217093916971
densenet121,XR_HAND,500,0.3659878542692738,8.389677047729492,22.923375588024154,0.7069056404849762,vanilla_ft,0.7884639163851954,0.08155827590021925,0.7884639163851954,0.7869573140175845,0.7322575606708449,0.7334192389542943,0.7423124231242313
resnet50,XR_ELBOW,50,0.29739925614085017,4.904397487640381,16.490954107644555,0.74368177613321,cc_dann,0.8189115016959606,0.07522972556275065,0.8162873882207832,0.8184798026518655,0.787277212457601,0.7984551341350601,0.8189115016959606
resnet50,XR_ELBOW,100,0.29739925614085017,4.904397487640381,16.490954107644555,0.74368177613321,ft_source_reg,0.8414770274437249,0.09779525131051492,0.8338328707986432,0.8414770274437249,0.7930897317298798,0.7941227258711069,0.8026395312981807
resnet50,XR_ELBOW,200,0.29739925614085017,4.904397487640381,16.490954107644555,0.74368177613321,ft_source_reg,0.8444557508479803,0.10077397471477034,0.8355195806352143,0.8444557508479803,0.7928029602220166,0.7665618254702435,0.8216651248843664
resnet50,XR_ELBOW,500,0.29739925614085017,4.904397487640381,16.490954107644555,0.74368177613321,ft_source_reg,0.8679648473635524,0.12428307123034243,0.8609959913660191,0.8679648473635524,0.8001788467468395,0.7774067221708295,0.8241073080481036
resnet50,XR_SHOULDER,50,0.36148586115075737,6.568038463592529,18.16955838623651,0.5427615802095166,ft_source_reg,0.6692982456140353,0.1265366654045187,0.6517270394210947,0.6692982456140353,0.5972422062350119,0.5868610374858009,0.6090285666203878
resnet50,XR_SHOULDER,100,0.36148586115075737,6.568038463592529,18.16955838623651,0.5427615802095166,ft_source_reg,0.7227565316168119,0.17999495140729527,0.7046888804745676,0.7227565316168119,0.5957697000294501,0.5674218519920905,0.6171231435903909
resnet50,XR_SHOULDER,200,0.36148586115075737,6.568038463592529,18.16955838623651,0.5427615802095166,ft_source_reg,0.7453531911313055,0.2025916109217889,0.7229984433505828,0.7453531911313055,0.6070533047246413,0.5971391308006228,0.6034225251377845
resnet50,XR_SHOULDER,500,0.36148586115075737,6.568038463592529,18.16955838623651,0.5427615802095166,vanilla_ft,0.7807585510538937,0.2379969708443771,0.7807585510538937,0.7682485590474988,0.615242542807859,0.6164542050570071,0.618860700912954
resnet50,XR_HAND,50,0.37218596440440244,6.0179853439331055,16.169296845574603,0.6559089400417812,ft_source_reg,0.6848662931073756,0.028957353065594327,0.673981660451525,0.6848662931073756,0.6417637985903668,0.6343251527753373,0.6548774217900909
resnet50,XR_HAND,100,0.37218596440440244,6.0179853439331055,16.169296845574603,0.6559089400417812,vanilla_ft,0.6748146846547831,0.018905744613001874,0.6748146846547831,0.6545975777218089,0.6435567530278478,0.6652381603181111,0.6529477993192631
resnet50,XR_HAND,200,0.37218596440440244,6.0179853439331055,16.169296845574603,0.6559089400417812,vanilla_ft,0.7093168550733125,0.053407915031531306,0.7093168550733125,0.6920836668684146,0.675234450757206,0.6792238557306208,0.670590991624202
resnet50,XR_HAND,500,0.37218596440440244,6.0179853439331055,16.169296845574603,0.6559089400417812,vanilla_ft,0.7471608843072558,0.09125194426547456,0.7471608843072558,0.7398881925327191,0.6608647832510071,0.6819539623967668,0.6645613281529641
swin_t,XR_ELBOW,50,0.3098072326850636,6.0705060958862305,19.594462144010585,0.8397594819611471,ft_source_reg,0.8354270736971939,-0.0043324082639532024,0.8238544557508479,0.8354270736971939,0.8298643231575701,0.8177952513105149,0.8162072155411657
swin_t,XR_ELBOW,100,0.3098072326850636,6.0705060958862305,19.594462144010585,0.8397594819611471,ft_source_reg,0.8486185630588962,0.008859081097749022,0.8472525439407956,0.8486185630588962,0.8232038236201049,0.8174375578168362,0.807027443724946
swin_t,XR_ELBOW,200,0.3098072326850636,6.0705060958862305,19.594462144010585,0.8397594819611471,ft_source_reg,0.8457786000616713,0.0060191181005241345,0.835886524822695,0.8457786000616713,0.8182577860006167,0.8423034227567067,0.6872432932469934
swin_t,XR_ELBOW,500,0.3098072326850636,6.0705060958862305,19.594462144010585,0.8397594819611471,vanilla_ft,0.8551372186247302,0.015377736663583108,0.8551372186247302,0.8482824545174221,0.8360160345359237,0.8319611470860315,0.7302898550724638
swin_t,XR_SHOULDER,50,0.466063909527272,10.195012092590332,21.87470833832742,0.5917139972232739,ft_source_reg,0.6781627329715176,0.08644873574824374,0.6704657326770164,0.6781627329715176,0.6082186882073288,0.5671925617400816,0.6065589633556313
swin_t,XR_SHOULDER,100,0.466063909527272,10.195012092590332,21.87470833832742,0.5917139972232739,vanilla_ft,0.6855378854810888,0.09382388825781496,0.6855378854810888,0.6824708654129329,0.6508582607598132,0.6025095712903362,0.5873238251504059
swin_t,XR_SHOULDER,200,0.466063909527272,10.195012092590332,21.87470833832742,0.5917139972232739,ft_source_reg,0.6988872060246539,0.10717320880138004,0.6864340106861878,0.6988872060246539,0.6574719172030797,0.5951617653245824,0.5706824014472632
swin_t,XR_SHOULDER,500,0.466063909527272,10.195012092590332,21.87470833832742,0.5917139972232739,vanilla_ft,0.7060583112457403,0.11434431402246636,0.7060583112457403,0.7028251083343852,0.6455951028650765,0.6056796667928815,0.5905927889267533
swin_t,XR_HAND,50,0.33140478137417895,6.843400001525879,20.649671890174567,0.7421074210742107,coral,0.7271064774139805,-0.015000943660230193,0.6994474706651829,0.6838575528612428,0.7206440318371438,0.7271064774139805,0.6532601833954848
swin_t,XR_HAND,100,0.33140478137417895,6.843400001525879,20.649671890174567,0.7421074210742107,coral,0.7252159029526802,-0.016891518121530447,0.678507975555946,0.67851122955674,0.7127953819220733,0.7252159029526802,0.6357276271175408
swin_t,XR_HAND,200,0.33140478137417895,6.843400001525879,20.649671890174567,0.7421074210742107,coral,0.7338910690694208,-0.008216352004789873,0.7146664323786095,0.7096943191654139,0.7163845447978291,0.7338910690694208,0.6227051159400482
swin_t,XR_HAND,500,0.33140478137417895,6.843400001525879,20.649671890174567,0.7421074210742107,coral,0.7310828663842194,-0.011024554689991306,0.7174453490566651,0.7159615246946122,0.7085912128962558,0.7310828663842194,0.6298801876907657
